<?xml version="1.0" encoding="UTF-8"?>
<project-private xmlns="http://www.netbeans.org/ns/project-private/1">
    <editor-bookmarks xmlns="http://www.netbeans.org/ns/editor-bookmarks/2" lastBookmarkId="0"/>
    <open-files xmlns="http://www.netbeans.org/ns/projectui-open-files/2">
        <group>
            <file>file:/C:/xampp/htdocs/PlacementTracker/user_management.php</file>
            <file>file:/C:/xampp/htdocs/PlacementTracker/job_details.php</file>
            <file>file:/C:/xampp/htdocs/PlacementTracker/add_user.php</file>
            <file>file:/C:/xampp/htdocs/PlacementTracker/company_dashboard.php</file>
            <file>file:/C:/xampp/htdocs/PlacementTracker/delete_job.php</file>
            <file>file:/C:/xampp/htdocs/PlacementTracker/login.php</file>
            <file>file:/C:/xampp/htdocs/PlacementTracker/apply_job.php</file>
            <file>file:/C:/xampp/htdocs/PlacementTracker/fetch_applicants.php</file>
            <file>file:/C:/xampp/htdocs/PlacementTracker/upcoming_drives.php</file>
            <file>file:/C:/xampp/htdocs/PlacementTracker/post_job.php</file>
            <file>file:/C:/xampp/htdocs/PlacementTracker/edit_job.php</file>
            <file>file:/C:/xampp/htdocs/PlacementTracker/index.php</file>
            <file>file:/C:/xampp/htdocs/PlacementTracker/db.php</file>
            <file>file:/C:/xampp/htdocs/PlacementTracker/sidebar.php</file>
            <file>file:/C:/xampp/htdocs/PlacementTracker/student_dashboard.php</file>
        </group>
    </open-files>
</project-private>
